{"cameraMode":{"drawMode":0,"name":"Shaded","section":"Shading Mode"},"sceneLighting":true,"audioPlay":false,"sceneViewState":{"m_AlwaysRefresh":false,"showFog":true,"showSkybox":true,"showFlares":true,"showImageEffects":true,"showParticleSystems":true,"showVisualEffectGraphs":true,"m_FxEnabled":true},"in2DMode":false,"pivot":{"x":4.30007266998291,"y":-1.5497369766235352,"z":13.30942440032959},"rotation":{"x":-0.1837911605834961,"y":0.006392046343535185,"z":-0.001423196168616414,"w":-0.9831492900848389},"size":10.902318000793457,"orthographic":false}