{"cameraMode":{"drawMode":0,"name":"Shaded","section":"Shading Mode"},"sceneLighting":true,"audioPlay":false,"sceneViewState":{"m_AlwaysRefresh":false,"showFog":true,"showSkybox":true,"showFlares":true,"showImageEffects":true,"showParticleSystems":true,"showVisualEffectGraphs":true,"m_FxEnabled":true},"in2DMode":false,"pivot":{"x":4.565240859985352,"y":3.2639102935791017,"z":-2.4403605461120607},"rotation":{"x":-0.16293425858020783,"y":0.045278262346982959,"z":-0.008334929123520852,"w":-0.9859781265258789},"size":2.8539388179779054,"orthographic":false}